{
  "timestamp": "20260107_103522",
  "final_accuracy": 0.9554912127129486,
  "final_loss": 0.13542708626632527,
  "training_time_seconds": 2039.867615222931,
  "confusion_matrix": [
    [
      7459,
      246
    ],
    [
      415,
      6731
    ]
  ],
  "config": {
    "learning_rate": 0.01,
    "numEpoch": 20,
    "batch_size": 32,
    "momentum": 0.9,
    "number_of_slices": 2,
    "isSmote": true,
    "num_iterations": 10
  },
  "precision": 0.9647412928192632,
  "recall": 0.941925552756787,
  "f1_score": 0.9531969128372159
}